row	direction	in_contig	in_pos_1based	expected_out_contig	expected_out_pos_1based	got_out_contig	got_out_pos_1based	expected_vs_got	notes
3	AB	I	59435	I	72426	I	72426	PASS	contig:OK;pos:OK
3	BA	I	72426	I	59435	I	59435	PASS	contig:OK;pos:OK
4	AB	I	94175	I	107166	I	107166	PASS	contig:OK;pos:OK
4	BA	I	107166	I	94175	I	94175	PASS	contig:OK;pos:OK
5	AB	I	94345	I	107336	I	107336	PASS	contig:OK;pos:OK
5	BA	I	107336	I	94345	I	94345	PASS	contig:OK;pos:OK
6	AB	I	121590	I	134076	I	134076	PASS	contig:OK;pos:OK
6	BA	I	134076	I	121590	I	121590	PASS	contig:OK;pos:OK
7	AB	I	158131	I	170617	I	170617	PASS	contig:OK;pos:OK
7	BA	I	170617	I	158131	I	158131	PASS	contig:OK;pos:OK
8	AB	I	209925	I	222417	I	222417	PASS	contig:OK;pos:OK
8	BA	I	222417	I	209925	I	209925	PASS	contig:OK;pos:OK
9	AB	I	252458	I	264950	I	264950	PASS	contig:OK;pos:OK
9	BA	I	264950	I	252458	I	252458	PASS	contig:OK;pos:OK
10	AB	I	275091	I	287583	I	287583	PASS	contig:OK;pos:OK
10	BA	I	287583	I	275091	I	275091	PASS	contig:OK;pos:OK
11	AB	I	365494	I	377986	I	377986	PASS	contig:OK;pos:OK
11	BA	I	377986	I	365494	I	365494	PASS	contig:OK;pos:OK
12	AB	I	405322	I	417814	I	417814	PASS	contig:OK;pos:OK
12	BA	I	417814	I	405322	I	405322	PASS	contig:OK;pos:OK
13	AB	I	415616	I	428108	I	428108	PASS	contig:OK;pos:OK
13	BA	I	428108	I	415616	I	415616	PASS	contig:OK;pos:OK
14	AB	I	427504	I	439996	I	439996	PASS	contig:OK;pos:OK
14	BA	I	439996		427504	I	427504	FAIL	contig:EXPECTED_NONE;pos:OK
15	AB	I	438063	I	450556	I	450556	PASS	contig:OK;pos:OK
15	BA	I	450556	I	438063	I	438063	PASS	contig:OK;pos:OK
16	AB	I	447188	I	459682	I	459682	PASS	contig:OK;pos:OK
16	BA	I	459682	I	447188	I	447188	PASS	contig:OK;pos:OK
17	AB	I	453472	I	465968	I	465968	PASS	contig:OK;pos:OK
17	BA	I	465968	I	453472	I	453472	PASS	contig:OK;pos:OK
18	AB	I	461925	I	474421	I	474421	PASS	contig:OK;pos:OK
18	BA	I	474421	I	461925	I	461925	PASS	contig:OK;pos:OK
19	AB	I	477739	I	490234	I	490234	PASS	contig:OK;pos:OK
19	BA	I	490234	I	477739	I	477739	PASS	contig:OK;pos:OK
20	AB	I	518197	I	530693	I	530693	PASS	contig:OK;pos:OK
20	BA	I	530693	I	518197	I	518197	PASS	contig:OK;pos:OK
21	AB	I	526170	I	538666	I	538666	PASS	contig:OK;pos:OK
21	BA	I	538666		526170	I	526170	FAIL	contig:EXPECTED_NONE;pos:OK
22	AB	I	534877	I	547374	I	547374	PASS	contig:OK;pos:OK
22	BA	I	547374	I	534877	I	534877	PASS	contig:OK;pos:OK
23	AB	I	653719	I	666220	I	666220	PASS	contig:OK;pos:OK
23	BA	I	666220	I	653719	I	653719	PASS	contig:OK;pos:OK
24	AB	I	654243	I	666744	I	666744	PASS	contig:OK;pos:OK
24	BA	I	666744	I	654243	I	654243	PASS	contig:OK;pos:OK
25	AB	I	700924	I	713424	I	713424	PASS	contig:OK;pos:OK
25	BA	I	713424	I	700924	I	700924	PASS	contig:OK;pos:OK
26	AB	I	733352	I	745852	I	745852	PASS	contig:OK;pos:OK
26	BA	I	745852	I	733352	I	733352	PASS	contig:OK;pos:OK
27	AB	I	786684	I	799169	I	799169	PASS	contig:OK;pos:OK
27	BA	I	799169	I	786684	I	786684	PASS	contig:OK;pos:OK
28	AB	I	801065	I	813550	I	813550	PASS	contig:OK;pos:OK
28	BA	I	813550	I	801065	I	801065	PASS	contig:OK;pos:OK
29	AB	I	853328	I	865813	I	865813	PASS	contig:OK;pos:OK
29	BA	I	865813	I	853328	I	853328	PASS	contig:OK;pos:OK
30	AB	I	903074	I	915560	I	915560	PASS	contig:OK;pos:OK
30	BA	I	915560	I	903074	I	903074	PASS	contig:OK;pos:OK
31	AB	I	919796	I	932282	I	932282	PASS	contig:OK;pos:OK
31	BA	I	932282	I	919796	I	919796	PASS	contig:OK;pos:OK
32	AB	I	943745	I	956233	I	956233	PASS	contig:OK;pos:OK
32	BA	I	956233	I	943745	I	943745	PASS	contig:OK;pos:OK
33	AB	I	962070	I	974559	I	974559	PASS	contig:OK;pos:OK
33	BA	I	974559	I	962070	I	962070	PASS	contig:OK;pos:OK
34	AB	I	987626	I	1000117	I	1000117	PASS	contig:OK;pos:OK
34	BA	I	1000117	I	987626	I	987626	PASS	contig:OK;pos:OK
35	AB	I	997438	I	1009929	I	1009929	PASS	contig:OK;pos:OK
35	BA	I	1009929	I	997438	I	997438	PASS	contig:OK;pos:OK
36	AB	I	999959	I	1012450	I	1012450	PASS	contig:OK;pos:OK
36	BA	I	1012450	I	999959	I	999959	PASS	contig:OK;pos:OK
37	AB	I	1003894	I	1016385	I	1016385	PASS	contig:OK;pos:OK
37	BA	I	1016385	I	1003894	I	1003894	PASS	contig:OK;pos:OK
38	AB	I	1046730	I	1059223	I	1059223	PASS	contig:OK;pos:OK
38	BA	I	1059223	I	1046730	I	1046730	PASS	contig:OK;pos:OK
39	AB	I	1097674	I	1110176	I	1110176	PASS	contig:OK;pos:OK
39	BA	I	1110176	I	1097674	I	1097674	PASS	contig:OK;pos:OK
40	AB	I	1152283	I	1164786	I	1164786	PASS	contig:OK;pos:OK
40	BA	I	1164786	I	1152283	I	1152283	PASS	contig:OK;pos:OK
41	AB	I	1263527	I	1276030	I	1276030	PASS	contig:OK;pos:OK
41	BA	I	1276030	I	1263527	I	1263527	PASS	contig:OK;pos:OK
42	AB	I	1333654	I	1346158	I	1346158	PASS	contig:OK;pos:OK
42	BA	I	1346158	I	1333654	I	1333654	PASS	contig:OK;pos:OK
43	AB	I	1360608	I	1373113	I	1373113	PASS	contig:OK;pos:OK
43	BA	I	1373113	I	1360608	I	1360608	PASS	contig:OK;pos:OK
44	AB	I	1362758	I	1375263	I	1375263	PASS	contig:OK;pos:OK
44	BA	I	1375263	I	1362758	I	1362758	PASS	contig:OK;pos:OK
45	AB	I	1386229	I	1398734	I	1398734	PASS	contig:OK;pos:OK
45	BA	I	1398734	I	1386229	I	1386229	PASS	contig:OK;pos:OK
46	AB	I	1404744	I	1417249	I	1417249	PASS	contig:OK;pos:OK
46	BA	I	1417249	I	1404744	I	1404744	PASS	contig:OK;pos:OK
47	AB	I	1474835	I	1487338	I	1487338	PASS	contig:OK;pos:OK
47	BA	I	1487338	I	1474835	I	1474835	PASS	contig:OK;pos:OK
48	AB	I	1502788	I	1515290	I	1515290	PASS	contig:OK;pos:OK
48	BA	I	1515290	I	1502788	I	1502788	PASS	contig:OK;pos:OK
49	AB	I	1520236	I	1532742	I	1532742	PASS	contig:OK;pos:OK
49	BA	I	1532742	I	1520236	I	1520236	PASS	contig:OK;pos:OK
50	AB	I	1587309	I	1599816	I	1599816	PASS	contig:OK;pos:OK
50	BA	I	1599816	I	1587309	I	1587309	PASS	contig:OK;pos:OK
51	AB	I	1614826	I	1627335	I	1627335	PASS	contig:OK;pos:OK
51	BA	I	1627335	I	1614826	I	1614826	PASS	contig:OK;pos:OK
52	AB	I	1664907	I	1677417	I	1677417	PASS	contig:OK;pos:OK
52	BA	I	1677417	I	1664907	I	1664907	PASS	contig:OK;pos:OK
53	AB	I	1774743	I	1787255	I	1787255	PASS	contig:OK;pos:OK
53	BA	I	1787255	I	1774743	I	1774743	PASS	contig:OK;pos:OK
54	AB	I	1816034	I	1828546	I	1828546	PASS	contig:OK;pos:OK
54	BA	I	1828546	I	1816034	I	1816034	PASS	contig:OK;pos:OK
55	AB	I	1906124	I	1918636	I	1918636	PASS	contig:OK;pos:OK
55	BA	I	1918636	I	1906124	I	1906124	PASS	contig:OK;pos:OK
56	AB	I	1990313	I	2002830	I	2002830	PASS	contig:OK;pos:OK
56	BA	I	2002830	I	1990313	I	1990313	PASS	contig:OK;pos:OK
57	AB	I	2011317	I	2023834	I	2023834	PASS	contig:OK;pos:OK
57	BA	I	2023834	I	2011317	I	2011317	PASS	contig:OK;pos:OK
58	AB	I	2025398	I	2037916	I	2037916	PASS	contig:OK;pos:OK
58	BA	I	2037916	I	2025398	I	2025398	PASS	contig:OK;pos:OK
59	AB	I	2092717	I	2105235	I	2105235	PASS	contig:OK;pos:OK
59	BA	I	2105235	I	2092717	I	2092717	PASS	contig:OK;pos:OK
60	AB	I	2093954	I	2106472	I	2106472	PASS	contig:OK;pos:OK
60	BA	I	2106472	I	2093954	I	2093954	PASS	contig:OK;pos:OK
61	AB	I	2097159	I	2109677	I	2109677	PASS	contig:OK;pos:OK
61	BA	I	2109677	I	2097159	I	2097159	PASS	contig:OK;pos:OK
62	AB	I	2109032	I	2121550	I	2121550	PASS	contig:OK;pos:OK
62	BA	I	2121550	I	2109032	I	2109032	PASS	contig:OK;pos:OK
63	AB	I	2179984	I	2192504	I	2192504	PASS	contig:OK;pos:OK
63	BA	I	2192504	I	2179984	I	2179984	PASS	contig:OK;pos:OK
64	AB	I	2206479	I	2218999	I	2218999	PASS	contig:OK;pos:OK
64	BA	I	2218999	I	2206479	I	2206479	PASS	contig:OK;pos:OK
65	AB	I	2207525	I	2220045	I	2220045	PASS	contig:OK;pos:OK
65	BA	I	2220045	I	2207525	I	2207525	PASS	contig:OK;pos:OK
66	AB	I	2259353	I	2271877	I	2271877	PASS	contig:OK;pos:OK
66	BA	I	2271877	I	2259353	I	2259353	PASS	contig:OK;pos:OK
67	AB	I	2283617	I	2296139	I	2296139	PASS	contig:OK;pos:OK
67	BA	I	2296139	I	2283617	I	2283617	PASS	contig:OK;pos:OK
68	AB	I	2323403	I	2335924	I	2335924	PASS	contig:OK;pos:OK
68	BA	I	2335924	I	2323403	I	2323403	PASS	contig:OK;pos:OK
69	AB	I	2342391	I	2354912	I	2354912	PASS	contig:OK;pos:OK
69	BA	I	2354912	I	2342391	I	2342391	PASS	contig:OK;pos:OK
70	AB	I	2356150	I	2368672	I	2368672	PASS	contig:OK;pos:OK
70	BA	I	2368672	I	2356150	I	2356150	PASS	contig:OK;pos:OK
71	AB	I	2409907	I	2422429	I	2422429	PASS	contig:OK;pos:OK
71	BA	I	2422429	I	2409907	I	2409907	PASS	contig:OK;pos:OK
72	AB	I	2489892	I	2502413	I	2502413	PASS	contig:OK;pos:OK
72	BA	I	2502413	I	2489892	I	2489892	PASS	contig:OK;pos:OK
73	AB	I	2519766	I	2532288	I	2532288	PASS	contig:OK;pos:OK
73	BA	I	2532288	I	2519766	I	2519766	PASS	contig:OK;pos:OK
74	AB	I	2543080	I	2555602	I	2555602	PASS	contig:OK;pos:OK
74	BA	I	2555602	I	2543080	I	2543080	PASS	contig:OK;pos:OK
75	AB	I	2557438	I	2569960	I	2569960	PASS	contig:OK;pos:OK
75	BA	I	2569960	I	2557438	I	2557438	PASS	contig:OK;pos:OK
76	AB	I	2578473	I	2590995	I	2590995	PASS	contig:OK;pos:OK
76	BA	I	2590995	I	2578473	I	2578473	PASS	contig:OK;pos:OK
77	AB	I	2597168	I	2609696	I	2609696	PASS	contig:OK;pos:OK
77	BA	I	2609696	I	2597168	I	2597168	PASS	contig:OK;pos:OK
78	AB	I	2636318	I	2648846	I	2648846	PASS	contig:OK;pos:OK
78	BA	I	2648846	I	2636318	I	2636318	PASS	contig:OK;pos:OK
79	AB	I	2651923	I	2664452	I	2664452	PASS	contig:OK;pos:OK
79	BA	I	2664452	I	2651923	I	2651923	PASS	contig:OK;pos:OK
80	AB	I	2662845	I	2675374	I	2675374	PASS	contig:OK;pos:OK
80	BA	I	2675374	I	2662845	I	2662845	PASS	contig:OK;pos:OK
81	AB	I	2678342	I	2690871	I	2690871	PASS	contig:OK;pos:OK
81	BA	I	2690871	I	2678342	I	2678342	PASS	contig:OK;pos:OK
82	AB	I	2684830	I	2697358	I	2697358	PASS	contig:OK;pos:OK
82	BA	I	2697358	I	2684830	I	2684830	PASS	contig:OK;pos:OK
83	AB	I	2710733	I	2723261	I	2723261	PASS	contig:OK;pos:OK
83	BA	I	2723261	I	2710733	I	2710733	PASS	contig:OK;pos:OK
84	AB	I	2742466	I	2754994	I	2754994	PASS	contig:OK;pos:OK
84	BA	I	2754994	I	2742466	I	2742466	PASS	contig:OK;pos:OK
85	AB	I	2824260	I	2836789	I	2836789	PASS	contig:OK;pos:OK
85	BA	I	2836789	I	2824260	I	2824260	PASS	contig:OK;pos:OK
86	AB	I	2871502	I	2884031	I	2884031	PASS	contig:OK;pos:OK
86	BA	I	2884031	I	2871502	I	2871502	PASS	contig:OK;pos:OK
87	AB	I	2949974	UNMAPPED	2962503	I	2962503	FAIL	contig:CONTIG_MISMATCH;pos:OK
87	BA	I	2962503	I	2949974	I	2949974	PASS	contig:OK;pos:OK
88	AB	I	2951767	I	2964294	I	2964294	PASS	contig:OK;pos:OK
88	BA	I	2964294	I	2951767	I	2951767	PASS	contig:OK;pos:OK
89	AB	I	3013772	I	3026298	I	3026298	PASS	contig:OK;pos:OK
89	BA	I	3026298	I	3013772	I	3013772	PASS	contig:OK;pos:OK
90	AB	I	3038071	I	3050606	I	3050606	PASS	contig:OK;pos:OK
90	BA	I	3050606	I	3038071	I	3038071	PASS	contig:OK;pos:OK
91	AB	I	3055184	I	3067719	I	3067719	PASS	contig:OK;pos:OK
91	BA	I	3067719	I	3055184	I	3055184	PASS	contig:OK;pos:OK
92	AB	I	3066663	I	3079198	I	3079198	PASS	contig:OK;pos:OK
92	BA	I	3079198	I	3066663	I	3066663	PASS	contig:OK;pos:OK
93	AB	I	3074001	I	3086536	I	3086536	PASS	contig:OK;pos:OK
93	BA	I	3086536	I	3074001	I	3074001	PASS	contig:OK;pos:OK
94	AB	I	3075383	I	3087918	I	3087918	PASS	contig:OK;pos:OK
94	BA	I	3087918	I	3075383	I	3075383	PASS	contig:OK;pos:OK
95	AB	I	3177964	I	3190504	I	3190504	PASS	contig:OK;pos:OK
95	BA	I	3190504	I	3177964	I	3177964	PASS	contig:OK;pos:OK
96	AB	I	3201737	I	3214279	I	3214279	PASS	contig:OK;pos:OK
96	BA	I	3214279	I	3201737	I	3201737	PASS	contig:OK;pos:OK
97	AB	I	3204845	I	3217387	I	3217387	PASS	contig:OK;pos:OK
97	BA	I	3217387	I	3204845	I	3204845	PASS	contig:OK;pos:OK
98	AB	I	3332967	I	3345504	I	3345504	PASS	contig:OK;pos:OK
98	BA	I	3345504	I	3332967	I	3332967	PASS	contig:OK;pos:OK
99	AB	I	3342712	I	3355249	I	3355249	PASS	contig:OK;pos:OK
99	BA	I	3355249	I	3342712	I	3342712	PASS	contig:OK;pos:OK
100	AB	I	3357364	I	3369901	I	3369901	PASS	contig:OK;pos:OK
100	BA	I	3369901	I	3357364	I	3357364	PASS	contig:OK;pos:OK
101	AB	I	3361226	I	3373763	I	3373763	PASS	contig:OK;pos:OK
101	BA	I	3373763	I	3361226	I	3361226	PASS	contig:OK;pos:OK
102	AB	I	3387032	I	3399569	I	3399569	PASS	contig:OK;pos:OK
102	BA	I	3399569	I	3387032	I	3387032	PASS	contig:OK;pos:OK
103	AB	I	3396085	I	3408622	I	3408622	PASS	contig:OK;pos:OK
103	BA	I	3408622	I	3396085	I	3396085	PASS	contig:OK;pos:OK
104	AB	I	3397239	I	3409776	I	3409776	PASS	contig:OK;pos:OK
104	BA	I	3409776	I	3397239	I	3397239	PASS	contig:OK;pos:OK
105	AB	I	3416193	I	3428730	I	3428730	PASS	contig:OK;pos:OK
105	BA	I	3428730	I	3416193	I	3416193	PASS	contig:OK;pos:OK
106	AB	I	3446551	I	3459088	I	3459088	PASS	contig:OK;pos:OK
106	BA	I	3459088	I	3446551	I	3446551	PASS	contig:OK;pos:OK
107	AB	I	3479252	I	3491789	I	3491789	PASS	contig:OK;pos:OK
107	BA	I	3491789	I	3479252	I	3479252	PASS	contig:OK;pos:OK
108	AB	I	3497098	I	3509635	I	3509635	PASS	contig:OK;pos:OK
108	BA	I	3509635	I	3497098	I	3497098	PASS	contig:OK;pos:OK
109	AB	I	3522055	I	3534592	I	3534592	PASS	contig:OK;pos:OK
109	BA	I	3534592	I	3522055	I	3522055	PASS	contig:OK;pos:OK
110	AB	I	3547923	I	3560467	I	3560467	PASS	contig:OK;pos:OK
110	BA	I	3560467	I	3547923	I	3547923	PASS	contig:OK;pos:OK
111	AB	I	3547924	I	3560468	I	3560468	PASS	contig:OK;pos:OK
111	BA	I	3560468	I	3547924	I	3547924	PASS	contig:OK;pos:OK
112	AB	I	3557412	I	3569958	I	3569958	PASS	contig:OK;pos:OK
112	BA	I	3569958	I	3557412	I	3557412	PASS	contig:OK;pos:OK
113	AB	I	3596609	I	3609164	I	3609164	PASS	contig:OK;pos:OK
113	BA	I	3609164	I	3596609	I	3596609	PASS	contig:OK;pos:OK
114	AB	I	3614051	I	3626606	I	3626606	PASS	contig:OK;pos:OK
114	BA	I	3626606	I	3614051	I	3614051	PASS	contig:OK;pos:OK
115	AB	I	3623774	I	3636329	I	3636329	PASS	contig:OK;pos:OK
115	BA	I	3636329	I	3623774	I	3623774	PASS	contig:OK;pos:OK
116	AB	I	3647976	I	3660531	I	3660531	PASS	contig:OK;pos:OK
116	BA	I	3660531	I	3647976	I	3647976	PASS	contig:OK;pos:OK
117	AB	I	3677660	I	3690216	I	3690216	PASS	contig:OK;pos:OK
117	BA	I	3690216	I	3677660	I	3677660	PASS	contig:OK;pos:OK
118	AB	I	3685110	I	3697666	I	3697666	PASS	contig:OK;pos:OK
118	BA	I	3697666	I	3685110	I	3685110	PASS	contig:OK;pos:OK
119	AB	I	3727738	I	3740297	I	3740297	PASS	contig:OK;pos:OK
119	BA	I	3740297	I	3727738	I	3727738	PASS	contig:OK;pos:OK
120	AB	I	3742761	I	3755321	I	3755321	PASS	contig:OK;pos:OK
120	BA	I	3755321	I	3742761	I	3742761	PASS	contig:OK;pos:OK
121	AB	I	3761565	I	3774125	I	3774125	PASS	contig:OK;pos:OK
121	BA	I	3774125	I	3761565	I	3761565	PASS	contig:OK;pos:OK
122	AB	I	3798328	I	3810889	I	3810889	PASS	contig:OK;pos:OK
122	BA	I	3810889	I	3798328	I	3798328	PASS	contig:OK;pos:OK
123	AB	I	3817525	I	3830086	I	3830086	PASS	contig:OK;pos:OK
123	BA	I	3830086	I	3817525	I	3817525	PASS	contig:OK;pos:OK
124	AB	I	3842334	I	3854895	I	3854895	PASS	contig:OK;pos:OK
124	BA	I	3854895	I	3842334	I	3842334	PASS	contig:OK;pos:OK
125	AB	I	3859127	I	3871687	I	3871687	PASS	contig:OK;pos:OK
125	BA	I	3871687	I	3859127	I	3859127	PASS	contig:OK;pos:OK
126	AB	I	3881160	I	3893720	I	3893720	PASS	contig:OK;pos:OK
126	BA	I	3893720	I	3881160	I	3881160	PASS	contig:OK;pos:OK
127	AB	I	3896786	I	3909346	I	3909346	PASS	contig:OK;pos:OK
127	BA	I	3909346	I	3896786	I	3896786	PASS	contig:OK;pos:OK
128	AB	I	3920695	I	3933255	I	3933255	PASS	contig:OK;pos:OK
128	BA	I	3933255	I	3920695	I	3920695	PASS	contig:OK;pos:OK
129	AB	I	3931961	I	3944521	I	3944521	PASS	contig:OK;pos:OK
129	BA	I	3944521	I	3931961	I	3931961	PASS	contig:OK;pos:OK
130	AB	I	3988844	I	4001915	I	4001915	PASS	contig:OK;pos:OK
130	BA	I	4001915	I	3988844	I	3988844	PASS	contig:OK;pos:OK
131	AB	I	4014108	I	4027179	I	4027179	PASS	contig:OK;pos:OK
131	BA	I	4027179	I	4014108	I	4014108	PASS	contig:OK;pos:OK
132	AB	I	4063361	I	4076433	I	4076433	PASS	contig:OK;pos:OK
132	BA	I	4076433	I	4063361	I	4063361	PASS	contig:OK;pos:OK
133	AB	I	4139300	I	4152372	I	4152372	PASS	contig:OK;pos:OK
133	BA	I	4152372	I	4139300	I	4139300	PASS	contig:OK;pos:OK
134	AB	I	4141559	I	4154631	I	4154631	PASS	contig:OK;pos:OK
134	BA	I	4154631	I	4141559	I	4141559	PASS	contig:OK;pos:OK
135	AB	I	4141560	I	4154632	I	4154632	PASS	contig:OK;pos:OK
135	BA	I	4154632	I	4141560	I	4141560	PASS	contig:OK;pos:OK
136	AB	I	4168302	I	4181374	I	4181374	PASS	contig:OK;pos:OK
136	BA	I	4181374	I	4168302	I	4168302	PASS	contig:OK;pos:OK
137	AB	I	4233794	I	4246867	I	4246867	PASS	contig:OK;pos:OK
137	BA	I	4246867	I	4233794	I	4233794	PASS	contig:OK;pos:OK
138	AB	I	4236254	I	4249327	I	4249327	PASS	contig:OK;pos:OK
138	BA	I	4249327	I	4236254	I	4236254	PASS	contig:OK;pos:OK
139	AB	I	4237712	I	4250785	I	4250785	PASS	contig:OK;pos:OK
139	BA	I	4250785	I	4237712	I	4237712	PASS	contig:OK;pos:OK
140	AB	I	4265256	I	4278329	I	4278329	PASS	contig:OK;pos:OK
140	BA	I	4278329	I	4265256	I	4265256	PASS	contig:OK;pos:OK
141	AB	I	4309325	I	4322400	I	4322400	PASS	contig:OK;pos:OK
141	BA	I	4322400	I	4309325	I	4309325	PASS	contig:OK;pos:OK
142	AB	I	4312166	I	4325241	I	4325241	PASS	contig:OK;pos:OK
142	BA	I	4325241	I	4312166	I	4312166	PASS	contig:OK;pos:OK
143	AB	I	4315335	I	4328410	I	4328410	PASS	contig:OK;pos:OK
143	BA	I	4328410	I	4315335	I	4315335	PASS	contig:OK;pos:OK
144	AB	I	4375901	I	4388975	I	4388975	PASS	contig:OK;pos:OK
144	BA	I	4388975	I	4375901	I	4375901	PASS	contig:OK;pos:OK
145	AB	I	4452691	I	4465771	I	4465771	PASS	contig:OK;pos:OK
145	BA	I	4465771	I	4452691	I	4452691	PASS	contig:OK;pos:OK
146	AB	I	4459472	I	4472553	I	4472553	PASS	contig:OK;pos:OK
146	BA	I	4472553	I	4459472	I	4459472	PASS	contig:OK;pos:OK
147	AB	I	4469955	I	4483036	I	4483036	PASS	contig:OK;pos:OK
147	BA	I	4483036	I	4469955	I	4469955	PASS	contig:OK;pos:OK
148	AB	I	4491025	I	4504106	I	4504106	PASS	contig:OK;pos:OK
148	BA	I	4504106	I	4491025	I	4491025	PASS	contig:OK;pos:OK
149	AB	I	4494436	I	4507517	I	4507517	PASS	contig:OK;pos:OK
149	BA	I	4507517	I	4494436	I	4494436	PASS	contig:OK;pos:OK
150	AB	I	4529390	I	4539435	I	4539435	PASS	contig:OK;pos:OK
150	BA	I	4539435	I	4529390	I	4529390	PASS	contig:OK;pos:OK
151	AB	I	4599222	I	4609267	I	4609267	PASS	contig:OK;pos:OK
151	BA	I	4609267	I	4599222	I	4599222	PASS	contig:OK;pos:OK
152	AB	I	4617484	I	4627530	I	4627530	PASS	contig:OK;pos:OK
152	BA	I	4627530	I	4617484	I	4617484	PASS	contig:OK;pos:OK
153	AB	I	4643098	I	4653144	I	4653144	PASS	contig:OK;pos:OK
153	BA	I	4653144	I	4643098	I	4643098	PASS	contig:OK;pos:OK
154	AB	I	4643223	I	4653269	I	4653269	PASS	contig:OK;pos:OK
154	BA	I	4653269	I	4643223	I	4643223	PASS	contig:OK;pos:OK
155	AB	I	4643634	I	4653680	I	4653680	PASS	contig:OK;pos:OK
155	BA	I	4653680	I	4643634	I	4643634	PASS	contig:OK;pos:OK
156	AB	I	4648401	I	4658447	I	4658447	PASS	contig:OK;pos:OK
156	BA	I	4658447	I	4648401	I	4648401	PASS	contig:OK;pos:OK
157	AB	I	4650810	I	4660856	I	4660856	PASS	contig:OK;pos:OK
157	BA	I	4660856	I	4650810	I	4650810	PASS	contig:OK;pos:OK
158	AB	I	4698922	I	4708968	I	4708968	PASS	contig:OK;pos:OK
158	BA	I	4708968	I	4698922	I	4698922	PASS	contig:OK;pos:OK
159	AB	I	4699896	I	4709942	I	4709942	PASS	contig:OK;pos:OK
159	BA	I	4709942	I	4699896	I	4699896	PASS	contig:OK;pos:OK
160	AB	I	4702659	I	4712705	I	4712705	PASS	contig:OK;pos:OK
160	BA	I	4712705	I	4702659	I	4702659	PASS	contig:OK;pos:OK
161	AB	I	4753243	I	4763290	I	4763290	PASS	contig:OK;pos:OK
161	BA	I	4763290	I	4753243	I	4753243	PASS	contig:OK;pos:OK
162	AB	I	4766025	I	4776073	I	4776073	PASS	contig:OK;pos:OK
162	BA	I	4776073	I	4766025	I	4766025	PASS	contig:OK;pos:OK
163	AB	I	4796587	I	4806635	I	4806635	PASS	contig:OK;pos:OK
163	BA	I	4806635	I	4796587	I	4796587	PASS	contig:OK;pos:OK
164	AB	I	4799733	I	4809781	I	4809781	PASS	contig:OK;pos:OK
164	BA	I	4809781	I	4799733	I	4799733	PASS	contig:OK;pos:OK
165	AB	I	4822619	I	4832667	I	4832667	PASS	contig:OK;pos:OK
165	BA	I	4832667	I	4822619	I	4822619	PASS	contig:OK;pos:OK
166	AB	I	4824406	I	4834454	I	4834454	PASS	contig:OK;pos:OK
166	BA	I	4834454	I	4824406	I	4824406	PASS	contig:OK;pos:OK
167	AB	I	4827157	I	4837205	I	4837205	PASS	contig:OK;pos:OK
167	BA	I	4837205	I	4827157	I	4827157	PASS	contig:OK;pos:OK
168	AB	I	4843326	I	4853374	I	4853374	PASS	contig:OK;pos:OK
168	BA	I	4853374	I	4843326	I	4843326	PASS	contig:OK;pos:OK
169	AB	I	5027660	I	5037711	I	5037711	PASS	contig:OK;pos:OK
169	BA	I	5037711	I	5027660	I	5027660	PASS	contig:OK;pos:OK
170	AB	I	5095496	I	5105546	I	5105546	PASS	contig:OK;pos:OK
170	BA	I	5105546	I	5095496	I	5095496	PASS	contig:OK;pos:OK
171	AB	I	5112321	I	5122372	I	5122372	PASS	contig:OK;pos:OK
171	BA	I	5122372	I	5112321	I	5112321	PASS	contig:OK;pos:OK
172	AB	I	5147822	I	5157874	I	5157874	PASS	contig:OK;pos:OK
172	BA	I	5157874	I	5147822	I	5147822	PASS	contig:OK;pos:OK
173	AB	I	5148414	UNMAPPED	5158466	I	5158466	FAIL	contig:CONTIG_MISMATCH;pos:OK
173	BA	I	5158466	I	5148414	I	5148414	PASS	contig:OK;pos:OK
174	AB	I	5162711	I	5172762	I	5172762	PASS	contig:OK;pos:OK
174	BA	I	5172762	I	5162711	I	5162711	PASS	contig:OK;pos:OK
175	AB	I	5224616	I	5239237	I	5239237	PASS	contig:OK;pos:OK
175	BA	I	5239237	I	5224616	I	5224616	PASS	contig:OK;pos:OK
176	AB	I	5274996	I	5289621	I	5289621	PASS	contig:OK;pos:OK
176	BA	I	5289621	I	5274996	I	5274996	PASS	contig:OK;pos:OK
177	AB	I	5328259	I	5342884	I	5342884	PASS	contig:OK;pos:OK
177	BA	I	5342884	I	5328259	I	5328259	PASS	contig:OK;pos:OK
178	AB	I	5383970	I	5398595	I	5398595	PASS	contig:OK;pos:OK
178	BA	I	5398595	I	5383970	I	5383970	PASS	contig:OK;pos:OK
179	AB	I	5395830	I	5410455	I	5410455	PASS	contig:OK;pos:OK
179	BA	I	5410455	I	5395830	I	5395830	PASS	contig:OK;pos:OK
180	AB	I	5428474	I	5443100	I	5443100	PASS	contig:OK;pos:OK
180	BA	I	5443100	I	5428474	I	5428474	PASS	contig:OK;pos:OK
181	AB	I	5456432	I	5471058	I	5471058	PASS	contig:OK;pos:OK
181	BA	I	5471058	I	5456432	I	5456432	PASS	contig:OK;pos:OK
182	AB	I	5456558	I	5471184	I	5471184	PASS	contig:OK;pos:OK
182	BA	I	5471184	I	5456558	I	5456558	PASS	contig:OK;pos:OK
183	AB	I	5522525	I	5537151	I	5537151	PASS	contig:OK;pos:OK
183	BA	I	5537151	I	5522525	I	5522525	PASS	contig:OK;pos:OK
184	AB	I	5543973	I	5558599	I	5558599	PASS	contig:OK;pos:OK
184	BA	I	5558599	I	5543973	I	5543973	PASS	contig:OK;pos:OK
185	AB	I	5569586	I	5584213	I	5584213	PASS	contig:OK;pos:OK
185	BA	I	5584213	I	5569586	I	5569586	PASS	contig:OK;pos:OK
186	AB	II	52476	II	82244	II	82244	PASS	contig:OK;pos:OK
186	BA	II	82244	II	52476	II	52476	PASS	contig:OK;pos:OK
187	AB	II	79845	II	109613	II	109613	PASS	contig:OK;pos:OK
187	BA	II	109613	II	79845	II	79845	PASS	contig:OK;pos:OK
188	AB	II	83071	II	130620	II	130620	PASS	contig:OK;pos:OK
188	BA	II	130620	II	83071	II	83071	PASS	contig:OK;pos:OK
189	AB	II	91702	II	139251	II	139251	PASS	contig:OK;pos:OK
189	BA	II	139251	II	91702	II	91702	PASS	contig:OK;pos:OK
190	AB	II	106327	II	153876	II	153876	PASS	contig:OK;pos:OK
190	BA	II	153876	II	106327	II	106327	PASS	contig:OK;pos:OK
191	AB	II	106638	II	154187	II	154187	PASS	contig:OK;pos:OK
191	BA	II	154187	II	106638	II	106638	PASS	contig:OK;pos:OK
192	AB	II	116466	II	164015	II	164015	PASS	contig:OK;pos:OK
192	BA	II	164015	II	116466	II	116466	PASS	contig:OK;pos:OK
193	AB	II	128001	UNMAPPED	175550	II	175550	FAIL	contig:CONTIG_MISMATCH;pos:OK
193	BA	II	175550	II	128001	II	128001	PASS	contig:OK;pos:OK
194	AB	II	132700	II	180248	II	180248	PASS	contig:OK;pos:OK
194	BA	II	180248	II	132700	II	132700	PASS	contig:OK;pos:OK
195	AB	II	134798	II	182346	II	182346	PASS	contig:OK;pos:OK
195	BA	II	182346	II	134798	II	134798	PASS	contig:OK;pos:OK
196	AB	II	213679	II	267613	II	267613	PASS	contig:OK;pos:OK
196	BA	II	267613	II	213679	II	213679	PASS	contig:OK;pos:OK
197	AB	II	250906	II	304840	II	304840	PASS	contig:OK;pos:OK
197	BA	II	304840	II	250906	II	250906	PASS	contig:OK;pos:OK
198	AB	II	251111	II	305045	II	305045	PASS	contig:OK;pos:OK
198	BA	II	305045	II	251111	II	251111	PASS	contig:OK;pos:OK
199	AB	II	257946	II	311880	II	311880	PASS	contig:OK;pos:OK
199	BA	II	311880	II	257946	II	257946	PASS	contig:OK;pos:OK
200	AB	II	285328	II	339262	II	339262	PASS	contig:OK;pos:OK
200	BA	II	339262	II	285328	II	285328	PASS	contig:OK;pos:OK
201	AB	II	320145	II	374079	II	374079	PASS	contig:OK;pos:OK
201	BA	II	374079	II	320145	II	320145	PASS	contig:OK;pos:OK
202	AB	II	338554	II	392488	II	392488	PASS	contig:OK;pos:OK
202	BA	II	392488	II	338554	II	338554	PASS	contig:OK;pos:OK
203	AB	II	365056	II	418990	II	418990	PASS	contig:OK;pos:OK
203	BA	II	418990	II	365056	II	365056	PASS	contig:OK;pos:OK
204	AB	II	474054	II	527989	II	527989	PASS	contig:OK;pos:OK
204	BA	II	527989	II	474054	II	474054	PASS	contig:OK;pos:OK
205	AB	II	474356	II	528291	II	528291	PASS	contig:OK;pos:OK
205	BA	II	528291	II	474356	II	474356	PASS	contig:OK;pos:OK
206	AB	II	495754	II	549690	II	549690	PASS	contig:OK;pos:OK
206	BA	II	549690	II	495754	II	495754	PASS	contig:OK;pos:OK
207	AB	II	518160	II	572096	II	572096	PASS	contig:OK;pos:OK
207	BA	II	572096	II	518160	II	518160	PASS	contig:OK;pos:OK
208	AB	II	520829	II	574766	II	574766	PASS	contig:OK;pos:OK
208	BA	II	574766	II	520829	II	520829	PASS	contig:OK;pos:OK
209	AB	II	521637	II	575574	II	575574	PASS	contig:OK;pos:OK
209	BA	II	575574	II	521637	II	521637	PASS	contig:OK;pos:OK
210	AB	II	528906	II	582875	II	582875	PASS	contig:OK;pos:OK
210	BA	II	582875	II	528906	II	528906	PASS	contig:OK;pos:OK
211	AB	II	577759	II	631728	II	631728	PASS	contig:OK;pos:OK
211	BA	II	631728	II	577759	II	577759	PASS	contig:OK;pos:OK
212	AB	II	617580	II	671546	II	671546	PASS	contig:OK;pos:OK
212	BA	II	671546	II	617580	II	617580	PASS	contig:OK;pos:OK
213	AB	II	640846	II	694812	II	694812	PASS	contig:OK;pos:OK
213	BA	II	694812	II	640846	II	640846	PASS	contig:OK;pos:OK
214	AB	II	665427	II	719393	II	719393	PASS	contig:OK;pos:OK
214	BA	II	719393	II	665427	II	665427	PASS	contig:OK;pos:OK
215	AB	II	699965	II	752452	II	752452	PASS	contig:OK;pos:OK
215	BA	II	752452	II	699965	II	699965	PASS	contig:OK;pos:OK
216	AB	II	716930	II	769416	II	769416	PASS	contig:OK;pos:OK
216	BA	II	769416	II	716930	II	716930	PASS	contig:OK;pos:OK
217	AB	II	756189	II	808675	II	808675	PASS	contig:OK;pos:OK
217	BA	II	808675	II	756189	II	756189	PASS	contig:OK;pos:OK
218	AB	II	773884	II	826370	II	826370	PASS	contig:OK;pos:OK
218	BA	II	826370	II	773884	II	773884	PASS	contig:OK;pos:OK
219	AB	II	813541	II	866027	II	866027	PASS	contig:OK;pos:OK
219	BA	II	866027	II	813541	II	813541	PASS	contig:OK;pos:OK
220	AB	II	817309	II	869795	II	869795	PASS	contig:OK;pos:OK
220	BA	II	869795	II	817309	II	817309	PASS	contig:OK;pos:OK
221	AB	II	819795	II	872281	II	872281	PASS	contig:OK;pos:OK
221	BA	II	872281	II	819795	II	819795	PASS	contig:OK;pos:OK
222	AB	II	826613	II	879099	II	879099	PASS	contig:OK;pos:OK
222	BA	II	879099	II	826613	II	826613	PASS	contig:OK;pos:OK
223	AB	II	832348	II	884834	II	884834	PASS	contig:OK;pos:OK
223	BA	II	884834	II	832348	II	832348	PASS	contig:OK;pos:OK
224	AB	II	840399	II	892885	II	892885	PASS	contig:OK;pos:OK
224	BA	II	892885	II	840399	II	840399	PASS	contig:OK;pos:OK
225	AB	II	863347	II	915833	II	915833	PASS	contig:OK;pos:OK
225	BA	II	915833	II	863347	II	863347	PASS	contig:OK;pos:OK
226	AB	II	864569	II	917055	II	917055	PASS	contig:OK;pos:OK
226	BA	II	917055	II	864569	II	864569	PASS	contig:OK;pos:OK
227	AB	II	881012	II	933498	II	933498	PASS	contig:OK;pos:OK
227	BA	II	933498	II	881012	II	881012	PASS	contig:OK;pos:OK
228	AB	II	905938	II	958424	II	958424	PASS	contig:OK;pos:OK
228	BA	II	958424	II	905938	II	905938	PASS	contig:OK;pos:OK
229	AB	II	960571	II	1013057	II	1013057	PASS	contig:OK;pos:OK
229	BA	II	1013057	II	960571	II	960571	PASS	contig:OK;pos:OK
230	AB	II	962403	II	1014889	II	1014889	PASS	contig:OK;pos:OK
230	BA	II	1014889	II	962403	II	962403	PASS	contig:OK;pos:OK
231	AB	II	962880	II	1015366	II	1015366	PASS	contig:OK;pos:OK
231	BA	II	1015366	II	962880	II	962880	PASS	contig:OK;pos:OK
232	AB	II	973865	II	1026351	II	1026351	PASS	contig:OK;pos:OK
232	BA	II	1026351	II	973865	II	973865	PASS	contig:OK;pos:OK
233	AB	II	980283	II	1032769	II	1032769	PASS	contig:OK;pos:OK
233	BA	II	1032769	II	980283	II	980283	PASS	contig:OK;pos:OK
234	AB	II	990639	II	1043125	II	1043125	PASS	contig:OK;pos:OK
234	BA	II	1043125	II	990639	II	990639	PASS	contig:OK;pos:OK
235	AB	II	1022002	II	1074451	II	1074451	PASS	contig:OK;pos:OK
235	BA	II	1074451	II	1022002	II	1022002	PASS	contig:OK;pos:OK
236	AB	II	1022040	II	1074489	II	1074489	PASS	contig:OK;pos:OK
236	BA	II	1074489	II	1022040	II	1022040	PASS	contig:OK;pos:OK
237	AB	II	1047462	II	1100595	II	1100595	PASS	contig:OK;pos:OK
237	BA	II	1100595	II	1047462	II	1047462	PASS	contig:OK;pos:OK
238	AB	II	1049782	II	1102915	II	1102915	PASS	contig:OK;pos:OK
238	BA	II	1102915	II	1049782	II	1049782	PASS	contig:OK;pos:OK
239	AB	II	1075429	II	1128562	II	1128562	PASS	contig:OK;pos:OK
239	BA	II	1128562	II	1075429	II	1075429	PASS	contig:OK;pos:OK
240	AB	II	1076559	II	1129692	II	1129692	PASS	contig:OK;pos:OK
240	BA	II	1129692	II	1076559	II	1076559	PASS	contig:OK;pos:OK
241	AB	II	1079413	II	1132546	II	1132546	PASS	contig:OK;pos:OK
241	BA	II	1132546	II	1079413	II	1079413	PASS	contig:OK;pos:OK
242	AB	II	1088167	II	1141301	II	1141301	PASS	contig:OK;pos:OK
242	BA	II	1141301	II	1088167	II	1088167	PASS	contig:OK;pos:OK
243	AB	II	1157896	II	1211032	II	1211032	PASS	contig:OK;pos:OK
243	BA	II	1211032	II	1157896	II	1157896	PASS	contig:OK;pos:OK
244	AB	II	1161389	II	1214525	II	1214525	PASS	contig:OK;pos:OK
244	BA	II	1214525	II	1161389	II	1161389	PASS	contig:OK;pos:OK
245	AB	II	1162673	II	1215809	II	1215809	PASS	contig:OK;pos:OK
245	BA	II	1215809	II	1162673	II	1162673	PASS	contig:OK;pos:OK
246	AB	II	1163475	II	1216610	II	1216610	PASS	contig:OK;pos:OK
246	BA	II	1216610	II	1163475	II	1163475	PASS	contig:OK;pos:OK
247	AB	II	1185538	II	1238673	II	1238673	PASS	contig:OK;pos:OK
247	BA	II	1238673	II	1185538	II	1185538	PASS	contig:OK;pos:OK
248	AB	II	1238931	II	1292066	II	1292066	PASS	contig:OK;pos:OK
248	BA	II	1292066	II	1238931	II	1238931	PASS	contig:OK;pos:OK
249	AB	II	1252698	II	1305833	II	1305833	PASS	contig:OK;pos:OK
249	BA	II	1305833	II	1252698	II	1252698	PASS	contig:OK;pos:OK
250	AB	II	1257549	II	1310684	II	1310684	PASS	contig:OK;pos:OK
250	BA	II	1310684	II	1257549	II	1257549	PASS	contig:OK;pos:OK
251	AB	II	1274654	II	1327790	II	1327790	PASS	contig:OK;pos:OK
251	BA	II	1327790	II	1274654	II	1274654	PASS	contig:OK;pos:OK
252	AB	II	1278618	II	1331758	II	1331758	PASS	contig:OK;pos:OK
252	BA	II	1331758	II	1278618	II	1278618	PASS	contig:OK;pos:OK
253	AB	II	1285834	II	1338974	II	1338974	PASS	contig:OK;pos:OK
253	BA	II	1338974	II	1285834	II	1285834	PASS	contig:OK;pos:OK
254	AB	II	1288749	II	1341889	II	1341889	PASS	contig:OK;pos:OK
254	BA	II	1341889	II	1288749	II	1288749	PASS	contig:OK;pos:OK
255	AB	II	1302841	II	1355981	II	1355981	PASS	contig:OK;pos:OK
255	BA	II	1355981	II	1302841	II	1302841	PASS	contig:OK;pos:OK
256	AB	II	1325495	II	1378634	II	1378634	PASS	contig:OK;pos:OK
256	BA	II	1378634	II	1325495	II	1325495	PASS	contig:OK;pos:OK
257	AB	II	1363165	II	1416304	II	1416304	PASS	contig:OK;pos:OK
257	BA	II	1416304	II	1363165	II	1363165	PASS	contig:OK;pos:OK
258	AB	II	1422317	II	1475459	II	1475459	PASS	contig:OK;pos:OK
258	BA	II	1475459	II	1422317	II	1422317	PASS	contig:OK;pos:OK
259	AB	II	1510698	II	1563839	II	1563839	PASS	contig:OK;pos:OK
259	BA	II	1563839	II	1510698	II	1510698	PASS	contig:OK;pos:OK
260	AB	II	1520665	II	1573806	II	1573806	PASS	contig:OK;pos:OK
260	BA	II	1573806	II	1520665	II	1520665	PASS	contig:OK;pos:OK
261	AB	II	1583134	II	1636281	II	1636281	PASS	contig:OK;pos:OK
261	BA	II	1636281	II	1583134	II	1583134	PASS	contig:OK;pos:OK
262	AB	II	1598534	II	1651683	II	1651683	PASS	contig:OK;pos:OK
262	BA	II	1651683	II	1598534	II	1598534	PASS	contig:OK;pos:OK
263	AB	II	1646980	II	1734997	II	1734997	PASS	contig:OK;pos:OK
263	BA	II	1734997	II	1646980	II	1646980	PASS	contig:OK;pos:OK
264	AB	II	1647018	II	1735035	II	1735035	PASS	contig:OK;pos:OK
264	BA	II	1735035	II	1647018	II	1647018	PASS	contig:OK;pos:OK
265	AB	II	1655322	II	1743339	II	1743339	PASS	contig:OK;pos:OK
265	BA	II	1743339	II	1655322	II	1655322	PASS	contig:OK;pos:OK
266	AB	II	1668457	II	1756474	II	1756474	PASS	contig:OK;pos:OK
266	BA	II	1756474	II	1668457	II	1668457	PASS	contig:OK;pos:OK
267	AB	II	1672785	II	1760802	II	1760802	PASS	contig:OK;pos:OK
267	BA	II	1760802	II	1672785	II	1672785	PASS	contig:OK;pos:OK
268	AB	II	1709150	II	1797166	II	1797166	PASS	contig:OK;pos:OK
268	BA	II	1797166	II	1709150	II	1709150	PASS	contig:OK;pos:OK
269	AB	II	1737002	II	1825018	II	1825018	PASS	contig:OK;pos:OK
269	BA	II	1825018	II	1737002	II	1737002	PASS	contig:OK;pos:OK
270	AB	II	1747580	UNMAPPED	1835596	II	1835596	FAIL	contig:CONTIG_MISMATCH;pos:OK
270	BA	II	1835596	II	1747580	II	1747580	PASS	contig:OK;pos:OK
271	AB	II	1757193	II	1845207	II	1845207	PASS	contig:OK;pos:OK
271	BA	II	1845207	II	1757193	II	1757193	PASS	contig:OK;pos:OK
272	AB	II	1781797	II	1869811	II	1869811	PASS	contig:OK;pos:OK
272	BA	II	1869811	II	1781797	II	1781797	PASS	contig:OK;pos:OK
273	AB	II	1808965	II	1896981	II	1896981	PASS	contig:OK;pos:OK
273	BA	II	1896981	II	1808965	II	1808965	PASS	contig:OK;pos:OK
274	AB	II	1818220	UNMAPPED	1906237	II	1906237	FAIL	contig:CONTIG_MISMATCH;pos:OK
274	BA	II	1906237	II	1818220	II	1818220	PASS	contig:OK;pos:OK
275	AB	II	1936138	II	2024153	II	2024153	PASS	contig:OK;pos:OK
275	BA	II	2024153	II	1936138	II	1936138	PASS	contig:OK;pos:OK
276	AB	II	1975467	II	2063487	II	2063487	PASS	contig:OK;pos:OK
276	BA	II	2063487	II	1975467	II	1975467	PASS	contig:OK;pos:OK
277	AB	II	1976644	II	2064664	II	2064664	PASS	contig:OK;pos:OK
277	BA	II	2064664	II	1976644	II	1976644	PASS	contig:OK;pos:OK
278	AB	II	2024227	II	2112247	II	2112247	PASS	contig:OK;pos:OK
278	BA	II	2112247	II	2024227	II	2024227	PASS	contig:OK;pos:OK
279	AB	II	2032241	II	2120261	II	2120261	PASS	contig:OK;pos:OK
279	BA	II	2120261	II	2032241	II	2032241	PASS	contig:OK;pos:OK
280	AB	II	2092436	II	2180456	II	2180456	PASS	contig:OK;pos:OK
280	BA	II	2180456	II	2092436	II	2092436	PASS	contig:OK;pos:OK
281	AB	II	2093162	II	2181182	II	2181182	PASS	contig:OK;pos:OK
281	BA	II	2181182	II	2093162	II	2093162	PASS	contig:OK;pos:OK
282	AB	II	2113435	II	2201456	II	2201456	PASS	contig:OK;pos:OK
282	BA	II	2201456	II	2113435	II	2113435	PASS	contig:OK;pos:OK
283	AB	II	2143626	II	2243842	II	2243842	PASS	contig:OK;pos:OK
283	BA	II	2243842	II	2143626	II	2143626	PASS	contig:OK;pos:OK
284	AB	II	2160074	II	2259703	II	2259703	PASS	contig:OK;pos:OK
284	BA	II	2259703	II	2160074	II	2160074	PASS	contig:OK;pos:OK
285	AB	II	2199987	UNMAPPED	2299617	II	2299617	FAIL	contig:CONTIG_MISMATCH;pos:OK
285	BA	II	2299617	II	2199987	II	2199987	PASS	contig:OK;pos:OK
286	AB	II	2264920	II	2364546	II	2364546	PASS	contig:OK;pos:OK
286	BA	II	2364546	II	2264920	II	2264920	PASS	contig:OK;pos:OK
287	AB	II	2268188	II	2367814	II	2367814	PASS	contig:OK;pos:OK
287	BA	II	2367814	II	2268188	II	2268188	PASS	contig:OK;pos:OK
288	AB	II	2290018	II	2389644	II	2389644	PASS	contig:OK;pos:OK
288	BA	II	2389644	II	2290018	II	2290018	PASS	contig:OK;pos:OK
289	AB	II	2314411	II	2414036	II	2414036	PASS	contig:OK;pos:OK
289	BA	II	2414036	II	2314411	II	2314411	PASS	contig:OK;pos:OK
290	AB	II	2322353	II	2421978	II	2421978	PASS	contig:OK;pos:OK
290	BA	II	2421978		2322353	II	2322353	FAIL	contig:EXPECTED_NONE;pos:OK
291	AB	II	2329636	II	2429262	II	2429262	PASS	contig:OK;pos:OK
291	BA	II	2429262	II	2329636	II	2329636	PASS	contig:OK;pos:OK
292	AB	II	2337849	II	2437475	II	2437475	PASS	contig:OK;pos:OK
292	BA	II	2437475	II	2337849	II	2337849	PASS	contig:OK;pos:OK
293	AB	II	2347656	II	2447282	II	2447282	PASS	contig:OK;pos:OK
293	BA	II	2447282	II	2347656	II	2347656	PASS	contig:OK;pos:OK
294	AB	II	2361121	II	2460747	II	2460747	PASS	contig:OK;pos:OK
294	BA	II	2460747	II	2361121	II	2361121	PASS	contig:OK;pos:OK
295	AB	II	2394638	II	2494264	II	2494264	PASS	contig:OK;pos:OK
295	BA	II	2494264	II	2394638	II	2394638	PASS	contig:OK;pos:OK
296	AB	II	2402384	II	2502010	II	2502010	PASS	contig:OK;pos:OK
296	BA	II	2502010	II	2402384	II	2402384	PASS	contig:OK;pos:OK
297	AB	II	2431314	II	2530940	II	2530940	PASS	contig:OK;pos:OK
297	BA	II	2530940	II	2431314	II	2431314	PASS	contig:OK;pos:OK
298	AB	II	2504724	II	2604787	II	2604787	PASS	contig:OK;pos:OK
298	BA	II	2604787	II	2504724	II	2504724	PASS	contig:OK;pos:OK
299	AB	II	2574471	II	2674535	II	2674535	PASS	contig:OK;pos:OK
299	BA	II	2674535	II	2574471	II	2574471	PASS	contig:OK;pos:OK
300	AB	II	2576463	II	2676527	II	2676527	PASS	contig:OK;pos:OK
300	BA	II	2676527	II	2576463	II	2576463	PASS	contig:OK;pos:OK
301	AB	II	2578154	II	2678218	II	2678218	PASS	contig:OK;pos:OK
301	BA	II	2678218	II	2578154	II	2578154	PASS	contig:OK;pos:OK
302	AB	II	2650923	II	2750989	II	2750989	PASS	contig:OK;pos:OK
302	BA	II	2750989	II	2650923	II	2650923	PASS	contig:OK;pos:OK
303	AB	II	2689713	II	2789779	II	2789779	PASS	contig:OK;pos:OK
303	BA	II	2789779	II	2689713	II	2689713	PASS	contig:OK;pos:OK
304	AB	II	2710561	II	2810628	II	2810628	PASS	contig:OK;pos:OK
304	BA	II	2810628	II	2710561	II	2710561	PASS	contig:OK;pos:OK
305	AB	II	2713912	II	2813979	II	2813979	PASS	contig:OK;pos:OK
305	BA	II	2813979		2713912	II	2713912	FAIL	contig:EXPECTED_NONE;pos:OK
306	AB	II	2714993	II	2815061	II	2815061	PASS	contig:OK;pos:OK
306	BA	II	2815061	II	2714993	II	2714993	PASS	contig:OK;pos:OK
307	AB	II	2744831	II	2844899	II	2844899	PASS	contig:OK;pos:OK
307	BA	II	2844899	II	2744831	II	2744831	PASS	contig:OK;pos:OK
308	AB	II	2756603	II	2856669	II	2856669	PASS	contig:OK;pos:OK
308	BA	II	2856669	II	2756603	II	2756603	PASS	contig:OK;pos:OK
309	AB	II	2764636	II	2864702	II	2864702	PASS	contig:OK;pos:OK
309	BA	II	2864702	II	2764636	II	2764636	PASS	contig:OK;pos:OK
310	AB	II	2768289	II	2868355	II	2868355	PASS	contig:OK;pos:OK
310	BA	II	2868355	II	2768289	II	2768289	PASS	contig:OK;pos:OK
311	AB	II	2836703	II	2936767	II	2936767	PASS	contig:OK;pos:OK
311	BA	II	2936767	II	2836703	II	2836703	PASS	contig:OK;pos:OK
312	AB	II	2852304	II	2952368	II	2952368	PASS	contig:OK;pos:OK
312	BA	II	2952368	II	2852304	II	2852304	PASS	contig:OK;pos:OK
313	AB	II	2904251	II	3004315	II	3004315	PASS	contig:OK;pos:OK
313	BA	II	3004315	II	2904251	II	2904251	PASS	contig:OK;pos:OK
314	AB	II	2937391	II	3037455	II	3037455	PASS	contig:OK;pos:OK
314	BA	II	3037455	II	2937391	II	2937391	PASS	contig:OK;pos:OK
315	AB	II	2972016	II	3072081	II	3072081	PASS	contig:OK;pos:OK
315	BA	II	3072081	II	2972016	II	2972016	PASS	contig:OK;pos:OK
316	AB	II	2973748	II	3073813	II	3073813	PASS	contig:OK;pos:OK
316	BA	II	3073813	II	2973748	II	2973748	PASS	contig:OK;pos:OK
317	AB	II	2984089	II	3084154	II	3084154	PASS	contig:OK;pos:OK
317	BA	II	3084154	II	2984089	II	2984089	PASS	contig:OK;pos:OK
318	AB	II	3004220	II	3104285	II	3104285	PASS	contig:OK;pos:OK
318	BA	II	3104285	II	3004220	II	3004220	PASS	contig:OK;pos:OK
319	AB	II	3008729	II	3108794	II	3108794	PASS	contig:OK;pos:OK
319	BA	II	3108794	II	3008729	II	3008729	PASS	contig:OK;pos:OK
320	AB	II	3072252	II	3172318	II	3172318	PASS	contig:OK;pos:OK
320	BA	II	3172318	II	3072252	II	3072252	PASS	contig:OK;pos:OK
321	AB	II	3085618	II	3185684	II	3185684	PASS	contig:OK;pos:OK
321	BA	II	3185684	II	3085618	II	3085618	PASS	contig:OK;pos:OK
322	AB	II	3091462	II	3191528	II	3191528	PASS	contig:OK;pos:OK
322	BA	II	3191528	II	3091462	II	3091462	PASS	contig:OK;pos:OK
323	AB	II	3142673	II	3242739	II	3242739	PASS	contig:OK;pos:OK
323	BA	II	3242739	II	3142673	II	3142673	PASS	contig:OK;pos:OK
324	AB	II	3194729	II	3294796	II	3294796	PASS	contig:OK;pos:OK
324	BA	II	3294796	II	3194729	II	3194729	PASS	contig:OK;pos:OK
325	AB	II	3209206	II	3309273	II	3309273	PASS	contig:OK;pos:OK
325	BA	II	3309273	II	3209206	II	3209206	PASS	contig:OK;pos:OK
326	AB	II	3214239	II	3314306	II	3314306	PASS	contig:OK;pos:OK
326	BA	II	3314306	II	3214239	II	3214239	PASS	contig:OK;pos:OK
327	AB	II	3232035	II	3332102	II	3332102	PASS	contig:OK;pos:OK
327	BA	II	3332102	II	3232035	II	3232035	PASS	contig:OK;pos:OK
328	AB	II	3235658	II	3335725	II	3335725	PASS	contig:OK;pos:OK
328	BA	II	3335725	II	3235658	II	3235658	PASS	contig:OK;pos:OK
329	AB	II	3250138	II	3350205	II	3350205	PASS	contig:OK;pos:OK
329	BA	II	3350205	II	3250138	II	3250138	PASS	contig:OK;pos:OK
330	AB	II	3349288	II	3449356	II	3449356	PASS	contig:OK;pos:OK
330	BA	II	3449356	II	3349288	II	3349288	PASS	contig:OK;pos:OK
331	AB	II	3357187	II	3457255	II	3457255	PASS	contig:OK;pos:OK
331	BA	II	3457255	II	3357187	II	3357187	PASS	contig:OK;pos:OK
332	AB	II	3429091	II	3529159	II	3529159	PASS	contig:OK;pos:OK
332	BA	II	3529159	II	3429091	II	3429091	PASS	contig:OK;pos:OK
333	AB	II	3473848	II	3573916	II	3573916	PASS	contig:OK;pos:OK
333	BA	II	3573916	II	3473848	II	3473848	PASS	contig:OK;pos:OK
334	AB	II	3493147	II	3593215	II	3593215	PASS	contig:OK;pos:OK
334	BA	II	3593215	II	3493147	II	3493147	PASS	contig:OK;pos:OK
335	AB	II	3608749	II	3708817	II	3708817	PASS	contig:OK;pos:OK
335	BA	II	3708817	II	3608749	II	3608749	PASS	contig:OK;pos:OK
336	AB	II	3653326	II	3753395	II	3753395	PASS	contig:OK;pos:OK
336	BA	II	3753395	II	3653326	II	3653326	PASS	contig:OK;pos:OK
337	AB	II	3737402	II	3837471	II	3837471	PASS	contig:OK;pos:OK
337	BA	II	3837471	II	3737402	II	3737402	PASS	contig:OK;pos:OK
338	AB	II	3776327	II	3876396	II	3876396	PASS	contig:OK;pos:OK
338	BA	II	3876396	II	3776327	II	3776327	PASS	contig:OK;pos:OK
339	AB	II	3783739	II	3883809	II	3883809	PASS	contig:OK;pos:OK
339	BA	II	3883809	II	3783739	II	3783739	PASS	contig:OK;pos:OK
340	AB	II	3799121	II	3899191	II	3899191	PASS	contig:OK;pos:OK
340	BA	II	3899191	II	3799121	II	3799121	PASS	contig:OK;pos:OK
341	AB	II	3804807	II	3904878	II	3904878	PASS	contig:OK;pos:OK
341	BA	II	3904878	II	3804807	II	3804807	PASS	contig:OK;pos:OK
342	AB	II	3855013	II	3955083	II	3955083	PASS	contig:OK;pos:OK
342	BA	II	3955083	II	3855013	II	3855013	PASS	contig:OK;pos:OK
343	AB	II	3904978	II	4005043	II	4005043	PASS	contig:OK;pos:OK
343	BA	II	4005043	II	3904978	II	3904978	PASS	contig:OK;pos:OK
344	AB	II	3907714	II	4007779	II	4007779	PASS	contig:OK;pos:OK
344	BA	II	4007779	II	3907714	II	3907714	PASS	contig:OK;pos:OK
345	AB	II	3995490	II	4095555	II	4095555	PASS	contig:OK;pos:OK
345	BA	II	4095555	II	3995490	II	3995490	PASS	contig:OK;pos:OK
346	AB	II	4031769	II	4131836	II	4131836	PASS	contig:OK;pos:OK
346	BA	II	4131836	II	4031769	II	4031769	PASS	contig:OK;pos:OK
347	AB	II	4129016	II	4229086	II	4229086	PASS	contig:OK;pos:OK
347	BA	II	4229086	II	4129016	II	4129016	PASS	contig:OK;pos:OK
348	AB	II	4336867	II	4436937	II	4436937	PASS	contig:OK;pos:OK
348	BA	II	4436937	II	4336867	II	4336867	PASS	contig:OK;pos:OK
349	AB	II	4349067	II	4449137	II	4449137	PASS	contig:OK;pos:OK
349	BA	II	4449137	II	4349067	II	4349067	PASS	contig:OK;pos:OK
350	AB	II	4447287	II	4547358	II	4547358	PASS	contig:OK;pos:OK
350	BA	II	4547358	II	4447287	II	4447287	PASS	contig:OK;pos:OK
351	AB	II	4447873	II	4547944	II	4547944	PASS	contig:OK;pos:OK
351	BA	II	4547944	II	4447873	II	4447873	PASS	contig:OK;pos:OK
352	AB	III	82090	III	88003	III	88003	PASS	contig:OK;pos:OK
352	BA	III	88003	III	82090	III	82090	PASS	contig:OK;pos:OK
353	AB	III	175751	III	181665	III	181665	PASS	contig:OK;pos:OK
353	BA	III	181665	III	175751	III	175751	PASS	contig:OK;pos:OK
354	AB	III	205920	III	211834	III	211834	PASS	contig:OK;pos:OK
354	BA	III	211834	III	205920	III	205920	PASS	contig:OK;pos:OK
355	AB	III	240811	III	246704	III	246704	PASS	contig:OK;pos:OK
355	BA	III	246704	III	240811	III	240811	PASS	contig:OK;pos:OK
356	AB	III	347405	III	353302	III	353302	PASS	contig:OK;pos:OK
356	BA	III	353302	III	347405	III	347405	PASS	contig:OK;pos:OK
357	AB	III	347405	III	353302	III	353302	PASS	contig:OK;pos:OK
357	BA	III	353302	III	347405	III	347405	PASS	contig:OK;pos:OK
358	AB	III	348028	III	353925	III	353925	PASS	contig:OK;pos:OK
358	BA	III	353925	III	348028	III	348028	PASS	contig:OK;pos:OK
359	AB	III	383839	III	389735	III	389735	PASS	contig:OK;pos:OK
359	BA	III	389735	III	383839	III	383839	PASS	contig:OK;pos:OK
360	AB	III	385709	III	391605	III	391605	PASS	contig:OK;pos:OK
360	BA	III	391605	III	385709	III	385709	PASS	contig:OK;pos:OK
361	AB	III	406022	III	411918	III	411918	PASS	contig:OK;pos:OK
361	BA	III	411918	III	406022	III	406022	PASS	contig:OK;pos:OK
362	AB	III	489155	III	495051	III	495051	PASS	contig:OK;pos:OK
362	BA	III	495051	III	489155	III	489155	PASS	contig:OK;pos:OK
363	AB	III	616220	III	622116	III	622116	PASS	contig:OK;pos:OK
363	BA	III	622116	III	616220	III	616220	PASS	contig:OK;pos:OK
364	AB	III	639118	III	645014	III	645014	PASS	contig:OK;pos:OK
364	BA	III	645014	III	639118	III	639118	PASS	contig:OK;pos:OK
365	AB	III	666907	III	672803	III	672803	PASS	contig:OK;pos:OK
365	BA	III	672803	III	666907	III	666907	PASS	contig:OK;pos:OK
366	AB	III	679772	III	685668	III	685668	PASS	contig:OK;pos:OK
366	BA	III	685668	III	679772	III	679772	PASS	contig:OK;pos:OK
367	AB	III	816011	III	821905	III	821905	PASS	contig:OK;pos:OK
367	BA	III	821905	III	816011	III	816011	PASS	contig:OK;pos:OK
368	AB	III	858833	III	864727	III	864727	PASS	contig:OK;pos:OK
368	BA	III	864727	III	858833	III	858833	PASS	contig:OK;pos:OK
369	AB	III	886890	III	892783	III	892783	PASS	contig:OK;pos:OK
369	BA	III	892783	III	886890	III	886890	PASS	contig:OK;pos:OK
370	AB	III	899049	III	904942	III	904942	PASS	contig:OK;pos:OK
370	BA	III	904942	III	899049	III	899049	PASS	contig:OK;pos:OK
371	AB	III	947288	III	953182	III	953182	PASS	contig:OK;pos:OK
371	BA	III	953182	III	947288	III	947288	PASS	contig:OK;pos:OK
372	AB	III	947336	III	953230	III	953230	PASS	contig:OK;pos:OK
372	BA	III	953230	III	947336	III	947336	PASS	contig:OK;pos:OK
373	AB	III	950406	III	956300	III	956300	PASS	contig:OK;pos:OK
373	BA	III	956300	III	950406	III	950406	PASS	contig:OK;pos:OK
374	AB	III	972637	III	981807	III	981807	PASS	contig:OK;pos:OK
374	BA	III	981807	III	972637	III	972637	PASS	contig:OK;pos:OK
375	AB	III	985502	III	994672	III	994672	PASS	contig:OK;pos:OK
375	BA	III	994672	III	985502	III	985502	PASS	contig:OK;pos:OK
376	AB	III	1017755	III	1026927	III	1026927	PASS	contig:OK;pos:OK
376	BA	III	1026927	III	1017755	III	1017755	PASS	contig:OK;pos:OK
377	AB	III	1068111	III	1077283	III	1077283	PASS	contig:OK;pos:OK
377	BA	III	1077283	III	1068111	III	1068111	PASS	contig:OK;pos:OK
378	AB	III	1097575	III	1164762	III	1164762	PASS	contig:OK;pos:OK
378	BA	III	1164762	III	1097575	III	1097575	PASS	contig:OK;pos:OK
379	AB	III	1164438	III	1211293	III	1211293	PASS	contig:OK;pos:OK
379	BA	III	1211293	III	1164438	III	1164438	PASS	contig:OK;pos:OK
380	AB	III	1170432	III	1217287	III	1217287	PASS	contig:OK;pos:OK
380	BA	III	1217287	III	1170432	III	1170432	PASS	contig:OK;pos:OK
381	AB	III	1175885	III	1222740	III	1222740	PASS	contig:OK;pos:OK
381	BA	III	1222740	III	1175885	III	1175885	PASS	contig:OK;pos:OK
382	AB	III	1206088	III	1252943	III	1252943	PASS	contig:OK;pos:OK
382	BA	III	1252943	III	1206088	III	1206088	PASS	contig:OK;pos:OK
383	AB	III	1207490	III	1254345	III	1254345	PASS	contig:OK;pos:OK
383	BA	III	1254345	III	1207490	III	1207490	PASS	contig:OK;pos:OK
384	AB	III	1207793	III	1254648	III	1254648	PASS	contig:OK;pos:OK
384	BA	III	1254648	III	1207793	III	1207793	PASS	contig:OK;pos:OK
385	AB	III	1246664	III	1293519	III	1293519	PASS	contig:OK;pos:OK
385	BA	III	1293519	III	1246664	III	1246664	PASS	contig:OK;pos:OK
386	AB	III	1246804	III	1293659	III	1293659	PASS	contig:OK;pos:OK
386	BA	III	1293659	III	1246804	III	1246804	PASS	contig:OK;pos:OK
387	AB	III	1248251	III	1295106	III	1295106	PASS	contig:OK;pos:OK
387	BA	III	1295106	III	1248251	III	1248251	PASS	contig:OK;pos:OK
388	AB	III	1250922	III	1297777	III	1297777	PASS	contig:OK;pos:OK
388	BA	III	1297777	III	1250922	III	1250922	PASS	contig:OK;pos:OK
389	AB	III	1253300	III	1300158	III	1300158	PASS	contig:OK;pos:OK
389	BA	III	1300158	III	1253300	III	1253300	PASS	contig:OK;pos:OK
390	AB	III	1260881	III	1307739	III	1307739	PASS	contig:OK;pos:OK
390	BA	III	1307739	III	1260881	III	1260881	PASS	contig:OK;pos:OK
391	AB	III	1260882	III	1307740	III	1307740	PASS	contig:OK;pos:OK
391	BA	III	1307740	III	1260882	III	1260882	PASS	contig:OK;pos:OK
392	AB	III	1276315	III	1323173	III	1323173	PASS	contig:OK;pos:OK
392	BA	III	1323173	III	1276315	III	1276315	PASS	contig:OK;pos:OK
393	AB	III	1308513	III	1355371	III	1355371	PASS	contig:OK;pos:OK
393	BA	III	1355371	III	1308513	III	1308513	PASS	contig:OK;pos:OK
394	AB	III	1316383	III	1363241	III	1363241	PASS	contig:OK;pos:OK
394	BA	III	1363241	III	1316383	III	1316383	PASS	contig:OK;pos:OK
395	AB	III	1316383	III	1363241	III	1363241	PASS	contig:OK;pos:OK
395	BA	III	1363241	III	1316383	III	1316383	PASS	contig:OK;pos:OK
396	AB	III	1316981	III	1363839	III	1363839	PASS	contig:OK;pos:OK
396	BA	III	1363839	III	1316981	III	1316981	PASS	contig:OK;pos:OK
397	AB	III	1317802	III	1364660	III	1364660	PASS	contig:OK;pos:OK
397	BA	III	1364660	III	1317802	III	1317802	PASS	contig:OK;pos:OK
398	AB	III	1344241	III	1391099	III	1391099	PASS	contig:OK;pos:OK
398	BA	III	1391099	III	1344241	III	1344241	PASS	contig:OK;pos:OK
399	AB	III	1361092	III	1407950	III	1407950	PASS	contig:OK;pos:OK
399	BA	III	1407950	III	1361092	III	1361092	PASS	contig:OK;pos:OK
400	AB	III	1367765	III	1414623	III	1414623	PASS	contig:OK;pos:OK
400	BA	III	1414623	III	1367765	III	1367765	PASS	contig:OK;pos:OK
401	AB	III	1377097	III	1423955	III	1423955	PASS	contig:OK;pos:OK
401	BA	III	1423955	III	1377097	III	1377097	PASS	contig:OK;pos:OK
402	AB	III	1397583	III	1444442	III	1444442	PASS	contig:OK;pos:OK
402	BA	III	1444442	III	1397583	III	1397583	PASS	contig:OK;pos:OK
403	AB	III	1402863	III	1449722	III	1449722	PASS	contig:OK;pos:OK
403	BA	III	1449722	III	1402863	III	1402863	PASS	contig:OK;pos:OK
404	AB	III	1421426	III	1468285	III	1468285	PASS	contig:OK;pos:OK
404	BA	III	1468285	III	1421426	III	1421426	PASS	contig:OK;pos:OK
405	AB	III	1423904	III	1470763	III	1470763	PASS	contig:OK;pos:OK
405	BA	III	1470763	III	1423904	III	1423904	PASS	contig:OK;pos:OK
406	AB	III	1426698	III	1473557	III	1473557	PASS	contig:OK;pos:OK
406	BA	III	1473557	III	1426698	III	1426698	PASS	contig:OK;pos:OK
407	AB	III	1478329	III	1525188	III	1525188	PASS	contig:OK;pos:OK
407	BA	III	1525188	III	1478329	III	1478329	PASS	contig:OK;pos:OK
408	AB	III	1559364	III	1606547	III	1606547	PASS	contig:OK;pos:OK
408	BA	III	1606547	III	1559364	III	1559364	PASS	contig:OK;pos:OK
409	AB	III	1560546	III	1607729	III	1607729	PASS	contig:OK;pos:OK
409	BA	III	1607729	III	1560546	III	1560546	PASS	contig:OK;pos:OK
410	AB	III	1562878	III	1610061	III	1610061	PASS	contig:OK;pos:OK
410	BA	III	1610061	III	1562878	III	1562878	PASS	contig:OK;pos:OK
411	AB	III	1647827	III	1695011	III	1695011	PASS	contig:OK;pos:OK
411	BA	III	1695011	III	1647827	III	1647827	PASS	contig:OK;pos:OK
412	AB	III	1649682	III	1696866	III	1696866	PASS	contig:OK;pos:OK
412	BA	III	1696866	III	1649682	III	1649682	PASS	contig:OK;pos:OK
413	AB	III	1664038	III	1711222	III	1711222	PASS	contig:OK;pos:OK
413	BA	III	1711222	III	1664038	III	1664038	PASS	contig:OK;pos:OK
414	AB	III	1687227	III	1734412	III	1734412	PASS	contig:OK;pos:OK
414	BA	III	1734412	III	1687227	III	1687227	PASS	contig:OK;pos:OK
415	AB	III	1739643	III	1786828	III	1786828	PASS	contig:OK;pos:OK
415	BA	III	1786828	III	1739643	III	1739643	PASS	contig:OK;pos:OK
416	AB	III	1741411	III	1788596	III	1788596	PASS	contig:OK;pos:OK
416	BA	III	1788596	III	1741411	III	1741411	PASS	contig:OK;pos:OK
417	AB	III	1753926	III	1801111	III	1801111	PASS	contig:OK;pos:OK
417	BA	III	1801111	III	1753926	III	1753926	PASS	contig:OK;pos:OK
418	AB	III	1772337	III	1819521	III	1819521	PASS	contig:OK;pos:OK
418	BA	III	1819521	III	1772337	III	1772337	PASS	contig:OK;pos:OK
419	AB	III	1788932	III	1836120	III	1836120	PASS	contig:OK;pos:OK
419	BA	III	1836120	III	1788932	III	1788932	PASS	contig:OK;pos:OK
420	AB	III	1792541	III	1839729	III	1839729	PASS	contig:OK;pos:OK
420	BA	III	1839729	III	1792541	III	1792541	PASS	contig:OK;pos:OK
421	AB	III	1797171	III	1844359	III	1844359	PASS	contig:OK;pos:OK
421	BA	III	1844359	III	1797171	III	1797171	PASS	contig:OK;pos:OK
422	AB	III	1820329	III	1867517	III	1867517	PASS	contig:OK;pos:OK
422	BA	III	1867517	III	1820329	III	1820329	PASS	contig:OK;pos:OK
423	AB	III	1853533	III	1900721	III	1900721	PASS	contig:OK;pos:OK
423	BA	III	1900721	III	1853533	III	1853533	PASS	contig:OK;pos:OK
424	AB	III	1862803	III	1909991	III	1909991	PASS	contig:OK;pos:OK
424	BA	III	1909991	III	1862803	III	1862803	PASS	contig:OK;pos:OK
425	AB	III	1912876	III	1960064	III	1960064	PASS	contig:OK;pos:OK
425	BA	III	1960064	III	1912876	III	1912876	PASS	contig:OK;pos:OK
426	AB	III	1927053	III	1974241	III	1974241	PASS	contig:OK;pos:OK
426	BA	III	1974241	III	1927053	III	1927053	PASS	contig:OK;pos:OK
427	AB	III	1943287	III	1990475	III	1990475	PASS	contig:OK;pos:OK
427	BA	III	1990475	III	1943287	III	1943287	PASS	contig:OK;pos:OK
428	AB	III	1968369	III	2015557	III	2015557	PASS	contig:OK;pos:OK
428	BA	III	2015557	III	1968369	III	1968369	PASS	contig:OK;pos:OK
429	AB	III	2087758	III	2134946	III	2134946	PASS	contig:OK;pos:OK
429	BA	III	2134946	III	2087758	III	2087758	PASS	contig:OK;pos:OK
430	AB	III	2126501	III	2173689	III	2173689	PASS	contig:OK;pos:OK
430	BA	III	2173689	III	2126501	III	2126501	PASS	contig:OK;pos:OK
431	AB	III	2128341	III	2175529	III	2175529	PASS	contig:OK;pos:OK
431	BA	III	2175529	III	2128341	III	2128341	PASS	contig:OK;pos:OK
432	AB	III	2131559	III	2178747	III	2178747	PASS	contig:OK;pos:OK
432	BA	III	2178747	III	2131559	III	2131559	PASS	contig:OK;pos:OK
433	AB	III	2132998	III	2180186	III	2180186	PASS	contig:OK;pos:OK
433	BA	III	2180186	III	2132998	III	2132998	PASS	contig:OK;pos:OK
434	AB	III	2279156	III	2326342	III	2326342	PASS	contig:OK;pos:OK
434	BA	III	2326342	III	2279156	III	2279156	PASS	contig:OK;pos:OK
435	AB	III	2318918	III	2366104	III	2366104	PASS	contig:OK;pos:OK
435	BA	III	2366104	III	2318918	III	2318918	PASS	contig:OK;pos:OK
436	AB	III	2359534	III	2406724	III	2406724	PASS	contig:OK;pos:OK
436	BA	III	2406724	III	2359534	III	2359534	PASS	contig:OK;pos:OK
437	AB	III	2432897	III	2480087	III	2480087	PASS	contig:OK;pos:OK
437	BA	III	2480087	III	2432897	III	2432897	PASS	contig:OK;pos:OK
